Cohort_Month,Avg_Conversion_Rate
2019-01,48.54596810933942
2019-02,48.44973214285711
2019-03,48.3078535353535
2019-04,48.28427848101261
2019-05,48.33425287356324
2019-06,48.293414043583574
2019-07,48.235127610208814
2019-08,48.42680942184156
2019-09,48.537303921568665
2019-10,48.437113163972285
2019-11,48.431999999999974
2019-12,48.48026190476192
